{
  "products": [
    {
      "id": 1,
      "name": "Zanussi Delta digital 6L(ZYG06313WL) -Water Heater With Built In Adapter - Without Chimney - White",
      "price": "EGP 3,995.00",
      "image": "https://eg.jumia.is/unsafe/fit-in/300x300/filters:fill(white)/product/32/3667701/1.jpg?5859",
      "link": "https://www.jumia.com.eg/zanussi-delta-digital-6lzyg06313wl-water-heater-with-built-in-adapter-without-chimney-white-107766323.html",
      "details": {
        "description": "Delivery fees from EGP 120.00 to 6th of October.",
        "rating": "0 out of 5",
        "specs": []
      }
    },
    {
      "id": 2,
      "name": "Tornado TST-2200 - 2200 Watt Steam Iron - Ceramic Soleplate - Orange.",
      "price": "EGP 1,215.00",
      "image": "https://eg.jumia.is/unsafe/fit-in/300x300/filters:fill(white)/product/52/1261611/1.jpg?6528",
      "link": "https://www.jumia.com.eg/tornado-tst-2200-2200-watt-steam-iron-ceramic-soleplate-orange.-116162125.html",
      "details": {
        "description": "Free delivery to 6th of October",
        "rating": "5 out of 5",
        "specs": []
      }
    },
    {
      "id": 3,
      "name": "Tornado Electric Blender 250 Watt 1.5 Liter 2 Mills White MX900/2",
      "price": "EGP 1,085.00",
      "image": "https://eg.jumia.is/unsafe/fit-in/300x300/filters:fill(white)/product/38/1082511/1.jpg?8989",
      "link": "https://www.jumia.com.eg/tornado-electric-blender-250-watt-1.5-liter-2-mills-white-mx9002-115280183.html",
      "details": {
        "description": "Free delivery to 6th of October",
        "rating": "5 out of 5",
        "specs": []
      }
    },
    {
      "id": 4,
      "name": "Tornado Electric Water Heater 60 L , Enamel, LED lamp, White TEEE-60MW",
      "price": "EGP 3,838.00",
      "image": "https://eg.jumia.is/unsafe/fit-in/300x300/filters:fill(white)/product/46/696813/1.jpg?5736",
      "link": "https://www.jumia.com.eg/tornado-electric-water-heater-60-l-enamel-led-lamp-white-teee-60mw-31869664.html",
      "details": {
        "description": "Delivery fees from EGP 120.00 to 6th of October.",
        "rating": "3.6 out of 5",
        "specs": []
      }
    },
    {
      "id": 5,
      "name": "Fresh 500010962 - Gas Water Heater Spa 6 liter - Silver with Adapter",
      "price": "EGP 3,052.00",
      "image": "https://eg.jumia.is/unsafe/fit-in/300x300/filters:fill(white)/product/45/5679711/1.jpg?6269",
      "link": "https://www.jumia.com.eg/fresh-500010962-gas-water-heater-spa-6-liter-silver-with-adapter-117976554.html",
      "details": {
        "description": "Delivery fees from EGP 120.00 to 6th of October.",
        "rating": "5 out of 5",
        "specs": []
      }
    },
    {
      "id": 6,
      "name": "Btc GWH-NE63-S Natural Gas Heater - 6L - Silver",
      "price": "EGP 2,399.00",
      "image": "https://eg.jumia.is/unsafe/fit-in/300x300/filters:fill(white)/product/98/769862/1.jpg?6387",
      "link": "https://www.jumia.com.eg/btc-gwh-ne63-s-natural-gas-heater-6l-silver-26896789.html",
      "details": {
        "description": "Delivery fees from EGP 120.00 to 6th of October.",
        "rating": "4.6 out of 5",
        "specs": []
      }
    },
    {
      "id": 7,
      "name": "Zanussi Free Standing Cooker Zanussi 90 Steel Max (Full Safety + Stainless steel) ZCG923A6XA - 90X60X85",
      "price": "EGP 12,699.00",
      "image": "https://eg.jumia.is/unsafe/fit-in/300x300/filters:fill(white)/product/73/0380821/1.jpg?5724",
      "link": "https://www.jumia.com.eg/zanussi-free-standing-cooker-zanussi-90-steel-max-full-safety-stainless-steel-zcg923a6xa-90x60x85-128083037.html",
      "details": {
        "description": "Delivery fees from EGP 200.00 to 6th of October.",
        "rating": "0 out of 5",
        "specs": []
      }
    },
    {
      "id": 8,
      "name": "Tornado RF-496VT-SLS- Fridge Digital No Frost 496 Liter Shiny Silver",
      "price": "EGP 29,999.00",
      "image": "https://eg.jumia.is/unsafe/fit-in/300x300/filters:fill(white)/product/01/9161611/1.jpg?8609",
      "link": "https://www.jumia.com.eg/rf-496vt-sls-fridge-digital-no-frost-496-liter-shiny-silver-tornado-mpg3298621.html",
      "details": {
        "description": "Delivery fees from EGP 120.00 to 6th of October.",
        "rating": "0 out of 5",
        "specs": []
      }
    },
    {
      "id": 9,
      "name": "Fresh EPKL1705IP - electric kettle - glass – 1.7 L – white",
      "price": "EGP 599.00",
      "image": "https://eg.jumia.is/unsafe/fit-in/300x300/filters:fill(white)/product/90/3205821/1.jpg?8794",
      "link": "https://www.jumia.com.eg/fresh-epkl1705ip-electric-kettle-glass-1.7-l-white-128502309.html",
      "details": {
        "description": "Free delivery to 6th of October",
        "rating": "0 out of 5",
        "specs": []
      }
    },
    {
      "id": 10,
      "name": "Tornado Enamel Electric Water Heater with Led Lamp - White - 30 Liter-TEEE-30MW",
      "price": "EGP 2,999.00",
      "image": "https://eg.jumia.is/unsafe/fit-in/300x300/filters:fill(white)/product/34/8261611/1.jpg?9683",
      "link": "https://www.jumia.com.eg/tornado-enamel-electric-water-heater-with-led-lamp-white-30-liter-teee-30mw-116162843.html",
      "details": {
        "description": "Delivery fees from EGP 120.00 to 6th of October.",
        "rating": "0 out of 5",
        "specs": []
      }
    },
    {
      "id": 11,
      "name": "Sonai MAR-1008 Yogurt Maker with Light Indicator - 10 Watt - 8 Cups",
      "price": "EGP 390.00",
      "image": "https://eg.jumia.is/unsafe/fit-in/300x300/filters:fill(white)/product/33/367593/1.jpg?1679",
      "link": "https://www.jumia.com.eg/sonai-mar-1008-yogurt-maker-with-light-indicator-10-watt-8-cups-39576333.html",
      "details": {
        "description": "Free delivery to 6th of October",
        "rating": "5 out of 5",
        "specs": []
      }
    },
    {
      "id": 12,
      "name": "Tornado Washer 17 Kg DDM Inverter Pump Stainless TWT-TLD17RSC",
      "price": "EGP 19,888.00",
      "image": "https://eg.jumia.is/unsafe/fit-in/300x300/filters:fill(white)/product/57/1082511/1.jpg?8692",
      "link": "https://www.jumia.com.eg/tornado-washer-17-kg-ddm-inverter-pump-stainless-twt-tld17rsc-115280175.html",
      "details": {
        "description": "Delivery fees from EGP 200.00 to 6th of October.",
        "rating": "0 out of 5",
        "specs": []
      }
    },
    {
      "id": 13,
      "name": "Philips Essential Air Fryer, Analogue, Black, 50 Hz, HD9200/91",
      "price": "EGP 3,599.00",
      "image": "https://eg.jumia.is/unsafe/fit-in/300x300/filters:fill(white)/product/05/7111031/1.jpg?5816",
      "link": "https://www.jumia.com.eg/philips-essential-air-fryer-analogue-black-50-hz-hd920091-130111750.html",
      "details": {
        "description": "Free delivery to 6th of October",
        "rating": "0 out of 5",
        "specs": []
      }
    },
    {
      "id": 14,
      "name": "Tornado TMD-25GE-S Microwave With Grill, 25 Liter, 900 Watt – Silver",
      "price": "EGP 5,999.00",
      "image": "https://eg.jumia.is/unsafe/fit-in/300x300/filters:fill(white)/product/80/2261611/1.jpg?1054",
      "link": "https://www.jumia.com.eg/tornado-tmd-25ge-s-microwave-with-grill-25-liter-900-watt-silver-116162208.html",
      "details": {
        "description": "Free delivery to 6th of October",
        "rating": "5 out of 5",
        "specs": []
      }
    },
    {
      "id": 15,
      "name": "Arzum Okka Arzum Pronto Lux 2 In 1 Handstick Vacuum Cleaner",
      "price": "EGP 2,444.00",
      "image": "https://eg.jumia.is/unsafe/fit-in/300x300/filters:fill(white)/product/56/9079921/1.jpg?0638",
      "link": "https://www.jumia.com.eg/arzum-okka-arzum-pronto-lux-2-in-1-handstick-vacuum-cleaner-129970965.html",
      "details": {
        "description": "Free delivery to 6th of October",
        "rating": "0 out of 5",
        "specs": []
      }
    },
    {
      "id": 22,
      "name": "Passap Top mounted, two doors No Frost freestanding refrigerator",
      "price": "EGP 24,000.00",
      "image": "https://eg.jumia.is/unsafe/fit-in/300x300/filters:fill(white)/product/78/1949611/1.jpg?1572",
      "link": "https://www.jumia.com.eg/passap-top-mounted-two-doors-no-frost-freestanding-refrigerator-116949187.html",
      "details": {
        "description": "Delivery fees from EGP 120.00 to 6th of October.",
        "rating": "0 out of 5",
        "specs": []
      }
    },
    {
      "id": 23,
      "name": "Zecotex A Wonderful Winter Galabia 8026",
      "price": "EGP 672.00 - EGP 840.00",
      "image": "https://eg.jumia.is/unsafe/fit-in/300x300/filters:fill(white)/product/84/594455/1.jpg?5226",
      "link": "https://www.jumia.com.eg/zecotex-a-wonderful-winter-galabia-8026-55449548.html",
      "details": {
        "description": "Free delivery to 6th of October",
        "rating": "5 out of 5",
        "specs": []
      }
    },
    {
      "id": 24,
      "name": "Sokany Blender 2.5 Liters 6000 Watts (SK-999N)",
      "price": "EGP 1,899.81",
      "image": "https://eg.jumia.is/unsafe/fit-in/300x300/filters:fill(white)/product/97/557935/1.jpg?0385",
      "link": "https://www.jumia.com.eg/sokany-blender-2.5-liters-6000-watts-sk-999n-53975579.html",
      "details": {
        "description": "Free delivery to 6th of October",
        "rating": "4.1 out of 5",
        "specs": []
      }
    },
    {
      "id": 25,
      "name": "Raw African Follicle Booster Oil - Growth Beard - Hair Loss - 100 Ml",
      "price": "EGP 221.00",
      "image": "https://eg.jumia.is/unsafe/fit-in/300x300/filters:fill(white)/product/72/485783/1.jpg?1985",
      "link": "https://www.jumia.com.eg/follicle-booster-oil-growth-beard-hair-loss-100-ml-raw-african-mpg1152398.html",
      "details": {
        "description": "Free delivery to 6th of October",
        "rating": "4.2 out of 5",
        "specs": []
      }
    },
    {
      "id": 26,
      "name": "Sokany Hair Straightener Brush Sokany SK-1008",
      "price": "EGP 247.40",
      "image": "https://eg.jumia.is/unsafe/fit-in/300x300/filters:fill(white)/product/82/982892/1.jpg?2276",
      "link": "https://www.jumia.com.eg/sokany-hair-straightener-brush-sokany-sk-1008-29828928.html",
      "details": {
        "description": "Free delivery to 6th of October",
        "rating": "4.2 out of 5",
        "specs": []
      }
    },
    {
      "id": 27,
      "name": "LED String Lights Star Curtain - Ramadan Decoration",
      "price": "EGP 299.00",
      "image": "https://eg.jumia.is/unsafe/fit-in/300x300/filters:fill(white)/product/97/009942/1.jpg?8270",
      "link": "https://www.jumia.com.eg/generic-led-string-lights-star-curtain-ramadan-decoration-24990079.html",
      "details": {
        "description": "Free delivery to 6th of October",
        "rating": "4.7 out of 5",
        "specs": []
      }
    },
    {
      "id": 28,
      "name": "Joc Digital Selects FM Radio - Red",
      "price": "EGP 259.00",
      "image": "https://eg.jumia.is/unsafe/fit-in/300x300/filters:fill(white)/product/09/420503/1.jpg?9008",
      "link": "https://www.jumia.com.eg/joc-digital-selects-fm-radio-red-30502490.html",
      "details": {
        "description": "Free delivery to 6th of October",
        "rating": "4 out of 5",
        "specs": []
      }
    },
    {
      "id": 29,
      "name": "Sondos Portable Water Proof Prayer Isdal Awesome Gift - Black",
      "price": "EGP 149.00",
      "image": "https://eg.jumia.is/unsafe/fit-in/300x300/filters:fill(white)/product/21/438162/1.jpg?1449",
      "link": "https://www.jumia.com.eg/sondos-portable-water-proof-prayer-isdal-awesome-gift-black-26183412.html",
      "details": {
        "description": "Free delivery to 6th of October",
        "rating": "4 out of 5",
        "specs": []
      }
    },
    {
      "id": 30,
      "name": "ACCU CHEK Performa Glucose Test Strips - 50 Strips",
      "price": "EGP 259.00",
      "image": "https://eg.jumia.is/unsafe/fit-in/300x300/filters:fill(white)/product/00/257172/1.jpg?8411",
      "link": "https://www.jumia.com.eg/performa-glucose-test-strips-50-strips-accu-chek-mpg3797688.html",
      "details": {
        "description": "Free delivery to 6th of October",
        "rating": "4.3 out of 5",
        "specs": []
      }
    },
    {
      "id": 31,
      "name": "Street Wear Winter Sweatpants - Multicolore",
      "price": "EGP 268.00 - EGP 288.00",
      "image": "https://eg.jumia.is/unsafe/fit-in/300x300/filters:fill(white)/product/66/430112/1.jpg?5665",
      "link": "https://www.jumia.com.eg/generic-street-wear-winter-sweatpants-multicolore-21103466.html",
      "details": {
        "description": "Free delivery to 6th of October",
        "rating": "4.4 out of 5",
        "specs": []
      }
    },
    {
      "id": 32,
      "name": "VGR V-055-Rechargeable Hair Shaver",
      "price": "EGP 369.00",
      "image": "https://eg.jumia.is/unsafe/fit-in/300x300/filters:fill(white)/product/81/791312/1.jpg?2484",
      "link": "https://www.jumia.com.eg/v-055-rechargeable-hair-shaver-vgr-mpg896357.html",
      "details": {
        "description": "Free delivery to 6th of October",
        "rating": "4.2 out of 5",
        "specs": []
      }
    },
    {
      "id": 33,
      "name": "Zecotex Winter Abbaya Night Gown 8004",
      "price": "EGP 700.00 - EGP 875.00",
      "image": "https://eg.jumia.is/unsafe/fit-in/300x300/filters:fill(white)/product/76/871005/1.jpg?2214",
      "link": "https://www.jumia.com.eg/zecotex-winter-abbaya-night-gown-8004-50017867.html",
      "details": {
        "description": "Free delivery to 6th of October",
        "rating": "4.7 out of 5",
        "specs": []
      }
    },
    {
      "id": 34,
      "name": "Hot Plate Electric Cooking - Single - 1000 W 1pcs",
      "price": "EGP 360.00",
      "image": "https://eg.jumia.is/unsafe/fit-in/300x300/filters:fill(white)/product/85/310805/1.jpg?2884",
      "link": "https://www.jumia.com.eg/generic-hot-plate-electric-cooking-single-1000-w-1pcs-50801358.html",
      "details": {
        "description": "Free delivery to 6th of October",
        "rating": "4 out of 5",
        "specs": []
      }
    },
    {
      "id": 35,
      "name": "Nouval Granite Classic Frying Pan - 2.5mm",
      "price": "EGP 245.00 - EGP 495.00",
      "image": "https://eg.jumia.is/unsafe/fit-in/300x300/filters:fill(white)/product/10/068976/1.jpg?8860",
      "link": "https://www.jumia.com.eg/nouval-granite-classic-frying-pan-2.5mm-67986001.html",
      "details": {
        "description": "Free delivery to 6th of October",
        "rating": "4.1 out of 5",
        "specs": []
      }
    },
    {
      "id": 36,
      "name": "GADO Men's Jeans-blue",
      "price": "EGP 289.00 - EGP 509.15",
      "image": "https://eg.jumia.is/unsafe/fit-in/300x300/filters:fill(white)/product/72/787825/1.jpg?4774",
      "link": "https://www.jumia.com.eg/gado-mens-jeans-blue-52878727.html",
      "details": {
        "description": "Free delivery to 6th of October",
        "rating": "4.1 out of 5",
        "specs": []
      }
    },
    {
      "id": 37,
      "name": "ADIDAS Tensaur Sport 2.0 Cf K Running Shoes - Core Black",
      "price": "EGP 1,409.40 - EGP 2,349.00",
      "image": "https://eg.jumia.is/unsafe/fit-in/300x300/filters:fill(white)/product/61/687815/1.jpg?0681",
      "link": "https://www.jumia.com.eg/adidas-tensaur-sport-2.0-cf-k-running-shoes-core-black-51878616.html",
      "details": {
        "description": "Free delivery to 6th of October",
        "rating": "4.6 out of 5",
        "specs": []
      }
    },
    {
      "id": 38,
      "name": "ADIDAS L9583 Classic Badge Of Sport Backpack- Green",
      "price": "EGP 1,079.40",
      "image": "https://eg.jumia.is/unsafe/fit-in/300x300/filters:fill(white)/product/69/196625/1.jpg?5079",
      "link": "https://www.jumia.com.eg/adidas-l9583-classic-badge-of-sport-backpack-green-52669196.html",
      "details": {
        "description": "Free delivery to 6th of October",
        "rating": "4.7 out of 5",
        "specs": []
      }
    },
    {
      "id": 39,
      "name": "ADIDAS Textile Running Running Shoes -Ftwr White",
      "price": "EGP 4,619.40",
      "image": "https://eg.jumia.is/unsafe/fit-in/300x300/filters:fill(white)/product/52/1545111/1.jpg?5195",
      "link": "https://www.jumia.com.eg/adidas-textile-running-running-shoes-ftwr-white-111545125.html",
      "details": {
        "description": "Free delivery to 6th of October",
        "rating": "5 out of 5",
        "specs": []
      }
    },
    {
      "id": 40,
      "name": "ADIDAS RF082 Motion Linear Backpack- Black",
      "price": "EGP 1,259.40",
      "image": "https://eg.jumia.is/unsafe/fit-in/300x300/filters:fill(white)/product/09/196625/1.jpg?4577",
      "link": "https://www.jumia.com.eg/adidas-rf082-motion-linear-backpack-black-52669190.html",
      "details": {
        "description": "Free delivery to 6th of October",
        "rating": "4.6 out of 5",
        "specs": []
      }
    },
    {
      "id": 41,
      "name": "ADIDAS HT3523 Performance Water Bottle 0.5 L",
      "price": "EGP 389.40",
      "image": "https://eg.jumia.is/unsafe/fit-in/300x300/filters:fill(white)/product/33/6534311/1.jpg?2732",
      "link": "https://www.jumia.com.eg/adidas-ht3523-performance-water-bottle-0.5-l-113435633.html",
      "details": {
        "description": "Free delivery to 6th of October",
        "rating": "4.1 out of 5",
        "specs": []
      }
    },
    {
      "id": 42,
      "name": "ADIDAS JE7124 Pencil Case Em Li Kids",
      "price": "EGP 569.40",
      "image": "https://eg.jumia.is/unsafe/fit-in/300x300/filters:fill(white)/product/92/6534311/1.jpg?2780",
      "link": "https://www.jumia.com.eg/adidas-je7124-pencil-case-em-li-kids-113435629.html",
      "details": {
        "description": "Free delivery to 6th of October",
        "rating": "3 out of 5",
        "specs": []
      }
    },
    {
      "id": 43,
      "name": "ADIDAS FM9936 Performance Water Bottle 0.5 L",
      "price": "EGP 389.40",
      "image": "https://eg.jumia.is/unsafe/fit-in/300x300/filters:fill(white)/product/43/6534311/4.jpg?3941",
      "link": "https://www.jumia.com.eg/adidas-fm9936-performance-water-bottle-0.5-l-113435634.html",
      "details": {
        "description": "Free delivery to 6th of October",
        "rating": "5 out of 5",
        "specs": []
      }
    },
    {
      "id": 44,
      "name": "ADIDAS HP6295 Adilette Aqua Slides",
      "price": "EGP 899.40 - EGP 1,499.00",
      "image": "https://eg.jumia.is/unsafe/fit-in/300x300/filters:fill(white)/product/67/4534311/1.jpg?2169",
      "link": "https://www.jumia.com.eg/adidas-hp6295-adilette-aqua-slides-113435476.html",
      "details": {
        "description": "Free delivery to 6th of October",
        "rating": "5 out of 5",
        "specs": []
      }
    },
    {
      "id": 45,
      "name": "ADIDAS DMF49 Classic 3-Stripes Glam Backpack- Red",
      "price": "EGP 1,379.40",
      "image": "https://eg.jumia.is/unsafe/fit-in/300x300/filters:fill(white)/product/20/296625/1.jpg?4673",
      "link": "https://www.jumia.com.eg/adidas-dmf49-classic-3-stripes-glam-backpack-red-52669202.html",
      "details": {
        "description": "Free delivery to 6th of October",
        "rating": "4.4 out of 5",
        "specs": []
      }
    },
    {
      "id": 46,
      "name": "ADIDAS MDJ41 Galaxy Star M Running Shoes - Grey",
      "price": "EGP 3,629.40",
      "image": "https://eg.jumia.is/unsafe/fit-in/300x300/filters:fill(white)/product/94/587815/1.jpg?1289",
      "link": "https://www.jumia.com.eg/adidas-mdj41-galaxy-star-m-running-shoes-grey-51878549.html",
      "details": {
        "description": "Free delivery to 6th of October",
        "rating": "4.4 out of 5",
        "specs": []
      }
    },
    {
      "id": 47,
      "name": "ADIDAS LKK18 Advantage K Tennis Shoes - Core Black",
      "price": "EGP 2,279.40",
      "image": "https://eg.jumia.is/unsafe/fit-in/300x300/filters:fill(white)/product/91/687815/1.jpg?1231",
      "link": "https://www.jumia.com.eg/adidas-lkk18-advantage-k-tennis-shoes-core-black-51878619.html",
      "details": {
        "description": "Free delivery to 6th of October",
        "rating": "4.6 out of 5",
        "specs": []
      }
    },
    {
      "id": 48,
      "name": "ADIDAS NCM88 Must Haves Seasonal Backpack- Black",
      "price": "EGP 2,099.40",
      "image": "https://eg.jumia.is/unsafe/fit-in/300x300/filters:fill(white)/product/00/296625/1.jpg?4491",
      "link": "https://www.jumia.com.eg/adidas-ncm88-must-haves-seasonal-backpack-black-52669200.html",
      "details": {
        "description": "Free delivery to 6th of October",
        "rating": "5 out of 5",
        "specs": []
      }
    },
    {
      "id": 49,
      "name": "ADIDAS EAX23 Essentials Linear Backpack- Blue",
      "price": "EGP 959.40",
      "image": "https://eg.jumia.is/unsafe/fit-in/300x300/filters:fill(white)/product/39/196625/1.jpg?4823",
      "link": "https://www.jumia.com.eg/adidas-eax23-essentials-linear-backpack-blue-52669193.html",
      "details": {
        "description": "Free delivery to 6th of October",
        "rating": "4.5 out of 5",
        "specs": []
      }
    },
    {
      "id": 50,
      "name": "ADIDAS LZQ53 Duramo Sl W Running Shoes - Flash Aqua",
      "price": "EGP 2,819.40",
      "image": "https://eg.jumia.is/unsafe/fit-in/300x300/filters:fill(white)/product/55/687815/1.jpg?0575",
      "link": "https://www.jumia.com.eg/adidas-lzq53-duramo-sl-w-running-shoes-flash-aqua-51878655.html",
      "details": {
        "description": "Free delivery to 6th of October",
        "rating": "4 out of 5",
        "specs": []
      }
    },
    {
      "id": 51,
      "name": "ADIDAS IE3542 Tensaur Run 2.0 Shoes Kids",
      "price": "EGP 1,919.40",
      "image": "https://eg.jumia.is/unsafe/fit-in/300x300/filters:fill(white)/product/62/5534311/1.jpg?2107",
      "link": "https://www.jumia.com.eg/adidas-ie3542-tensaur-run-2.0-shoes-kids-113435526.html",
      "details": {
        "description": "Free delivery to 6th of October",
        "rating": "4.7 out of 5",
        "specs": []
      }
    },
    {
      "id": 52,
      "name": "Sun Set Kaftan Abaya Golden Embroidered Chiffon Sunset BLACK",
      "price": "EGP 750.00",
      "image": "https://eg.jumia.is/unsafe/fit-in/300x300/filters:fill(white)/product/32/421483/1.jpg?2046",
      "link": "https://www.jumia.com.eg/sun-set-kaftan-abaya-golden-embroidered-chiffon-sunset-black-38412423.html",
      "details": {
        "description": "Free delivery to 6th of October",
        "rating": "5 out of 5",
        "specs": []
      }
    },
    {
      "id": 53,
      "name": "Activ Leather Lace Up Black Sneakers",
      "price": "EGP 549.00",
      "image": "https://eg.jumia.is/unsafe/fit-in/300x300/filters:fill(white)/product/42/648715/1.jpg?1178",
      "link": "https://www.jumia.com.eg/activ-leather-lace-up-black-sneakers-51784624.html",
      "details": {
        "description": "Free delivery to 6th of October",
        "rating": "4.4 out of 5",
        "specs": []
      }
    },
    {
      "id": 54,
      "name": "Andora Long Sleeves Solid Button Down Shirt - Eggplant",
      "price": "EGP 549.00",
      "image": "https://eg.jumia.is/unsafe/fit-in/300x300/filters:fill(white)/product/59/564644/1.jpg?7204",
      "link": "https://www.jumia.com.eg/andora-long-sleeves-solid-button-down-shirt-eggplant-44646595.html",
      "details": {
        "description": "Free delivery to 6th of October",
        "rating": "4.7 out of 5",
        "specs": []
      }
    },
    {
      "id": 55,
      "name": "Caesar Boys Training Suit With Pocket.",
      "price": "EGP 374.00",
      "image": "https://eg.jumia.is/unsafe/fit-in/300x300/filters:fill(white)/product/29/084872/1.jpg?2911",
      "link": "https://www.jumia.com.eg/caesar-boys-training-suit-with-pocket.-27848092.html",
      "details": {
        "description": "Free delivery to 6th of October",
        "rating": "4.4 out of 5",
        "specs": []
      }
    },
    {
      "id": 56,
      "name": "B.S COLLECTION Large Capacity Waterproof Shoulder Bag And Hand Bag For Women - Black",
      "price": "EGP 598.00",
      "image": "https://eg.jumia.is/unsafe/fit-in/300x300/filters:fill(white)/product/43/940535/1.jpg?7591",
      "link": "https://www.jumia.com.eg/b.s-collection-large-capacity-waterproof-shoulder-bag-and-hand-bag-for-women-black-53504934.html",
      "details": {
        "description": "Free delivery to 6th of October",
        "rating": "4.6 out of 5",
        "specs": []
      }
    },
    {
      "id": 57,
      "name": "LC Waikiki Shawl Collar Patterned Oversize Women's Kimono",
      "price": "EGP 529.00",
      "image": "https://eg.jumia.is/unsafe/fit-in/300x300/filters:fill(white)/product/90/1249921/1.jpg?1267",
      "link": "https://www.jumia.com.eg/lc-waikiki-shawl-collar-patterned-oversize-womens-kimono-129942109.html",
      "details": {
        "description": "Free delivery to 6th of October",
        "rating": "0 out of 5",
        "specs": []
      }
    },
    {
      "id": 58,
      "name": "ADIDAS Cloudfoam Go Sock Shoes - core black",
      "price": "EGP 3,999.20",
      "image": "https://eg.jumia.is/unsafe/fit-in/300x300/filters:fill(white)/product/31/8970031/1.jpg?1257",
      "link": "https://www.jumia.com.eg/adidas-cloudfoam-go-sock-shoes-core-black-130079813.html",
      "details": {
        "description": "Free delivery to 6th of October",
        "rating": "5 out of 5",
        "specs": []
      }
    },
    {
      "id": 59,
      "name": "LC Waikiki Loose Fit Girl Sweatshirt Set Of 2",
      "price": "EGP 649.00",
      "image": "https://eg.jumia.is/unsafe/fit-in/300x300/filters:fill(white)/product/77/5125021/1.jpg?8860",
      "link": "https://www.jumia.com.eg/lc-waikiki-loose-fit-girl-sweatshirt-set-of-2-120521577.html",
      "details": {
        "description": "Free delivery to 6th of October",
        "rating": "4.8 out of 5",
        "specs": []
      }
    },
    {
      "id": 60,
      "name": "Zecotex Women's Comfortable Loose Isdal 2026",
      "price": "EGP 600.00",
      "image": "https://eg.jumia.is/unsafe/fit-in/300x300/filters:fill(white)/product/05/697506/1.jpg?1822",
      "link": "https://www.jumia.com.eg/zecotex-womens-comfortable-loose-isdal-2026-60579650.html",
      "details": {
        "description": "Free delivery to 6th of October",
        "rating": "0 out of 5",
        "specs": []
      }
    },
    {
      "id": 61,
      "name": "Glitter Women Cross Bag - Beige",
      "price": "EGP 364.00",
      "image": "https://eg.jumia.is/unsafe/fit-in/300x300/filters:fill(white)/product/35/4146411/1.jpg?2199",
      "link": "https://www.jumia.com.eg/glitter-women-cross-bag-beige-114641453.html",
      "details": {
        "description": "Free delivery to 6th of October",
        "rating": "5 out of 5",
        "specs": []
      }
    },
    {
      "id": 62,
      "name": "LC Waikiki Crew Neck Patterned Long Sleeve Women's Dress",
      "price": "EGP 649.00",
      "image": "https://eg.jumia.is/unsafe/fit-in/300x300/filters:fill(white)/product/85/0329621/1.jpg?0577",
      "link": "https://www.jumia.com.eg/lc-waikiki-crew-neck-patterned-long-sleeve-womens-dress-126923058.html",
      "details": {
        "description": "Free delivery to 6th of October",
        "rating": "4.8 out of 5",
        "specs": []
      }
    },
    {
      "id": 63,
      "name": "Starter StepSync Women’s Shoes Sneaker - Pink",
      "price": "EGP 545.00",
      "image": "https://eg.jumia.is/unsafe/fit-in/300x300/filters:fill(white)/product/11/910484/1.jpg?1837",
      "link": "https://www.jumia.com.eg/starter-stepsync-womens-shoes-sneaker-pink-48401911.html",
      "details": {
        "description": "Free delivery to 6th of October",
        "rating": "4.5 out of 5",
        "specs": []
      }
    },
    {
      "id": 64,
      "name": "Sun Set Premium New Soft Crepe Abaya White Lace Side Loose Abaya Quality WINE",
      "price": "EGP 599.00",
      "image": "https://eg.jumia.is/unsafe/fit-in/300x300/filters:fill(white)/product/72/216312/1.jpg?0252",
      "link": "https://www.jumia.com.eg/sun-set-premium-new-soft-crepe-abaya-white-lace-side-loose-abaya-quality-wine-21361227.html",
      "details": {
        "description": "Free delivery to 6th of October",
        "rating": "5 out of 5",
        "specs": []
      }
    },
    {
      "id": 65,
      "name": "LC Waikiki Crew Neck Printed Girl Dress",
      "price": "EGP 1,099.00",
      "image": "https://eg.jumia.is/unsafe/fit-in/300x300/filters:fill(white)/product/58/7550311/1.jpg?3272",
      "link": "https://www.jumia.com.eg/lc-waikiki-crew-neck-printed-girl-dress-113055785.html",
      "details": {
        "description": "Free delivery to 6th of October",
        "rating": "3.4 out of 5",
        "specs": []
      }
    },
    {
      "id": 66,
      "name": "Starter Women GlideX Sneakers - Wht/Blc/Pnk",
      "price": "EGP 795.00",
      "image": "https://eg.jumia.is/unsafe/fit-in/300x300/filters:fill(white)/product/39/136795/1.jpg?9047",
      "link": "https://www.jumia.com.eg/starter-women-glidex-sneakers-whtblcpnk-59763193.html",
      "details": {
        "description": "Free delivery to 6th of October",
        "rating": "4.5 out of 5",
        "specs": []
      }
    },
    {
      "id": 67,
      "name": "Anker P20i Soundcore Wireless Earbuds - Black",
      "price": "EGP 939.00",
      "image": "https://eg.jumia.is/unsafe/fit-in/300x300/filters:fill(white)/product/53/6467521/1.jpg?8824",
      "link": "https://www.jumia.com.eg/anker-p20i-soundcore-wireless-earbuds-black-125764635.html",
      "details": {
        "description": "Free delivery to 6th of October",
        "rating": "4.5 out of 5",
        "specs": []
      }
    },
    {
      "id": 68,
      "name": "Samsung Galaxy A16 - 6.7 Inch - 256GB/8GB Dual SIM 4G Mobile Phone - Light Green + Free 25W Adapter USB-C Super Fast Charging - Black",
      "price": "EGP 9,350.00",
      "image": "https://eg.jumia.is/unsafe/fit-in/300x300/filters:fill(white)/product/20/2121031/1.jpg?1450",
      "link": "https://www.jumia.com.eg/samsung-galaxy-a16-6.7-inch-256gb8gb-dual-sim-4g-mobile-phone-light-green-free-25w-adapter-usb-c-super-fast-charging-black-130121202.html",
      "details": {
        "description": "Free delivery to 6th of October",
        "rating": "5 out of 5",
        "specs": []
      }
    },
    {
      "id": 69,
      "name": "Huawei Watch Fit 3 - 1.82 Inch - Amoled - Bluetooth 5.2 - Battery Life Up to 10 Days SmartWatch - 5 ATM Water Resistance - Green",
      "price": "EGP 5,450.00",
      "image": "https://eg.jumia.is/unsafe/fit-in/300x300/filters:fill(white)/product/24/034198/1.jpg?5914",
      "link": "https://www.jumia.com.eg/watch-fit-3-1.82-inch-amoled-bluetooth-5.2-battery-life-up-to-10-days-smartwatch-5-atm-water-resistance-green-huawei-mpg1154525.html",
      "details": {
        "description": "Free delivery to 6th of October",
        "rating": "5 out of 5",
        "specs": []
      }
    },
    {
      "id": 70,
      "name": "Magnetic Replacement Charging Dock Cable For Xiaomi Mi Band 6 Smart Watch 30cm Long",
      "price": "EGP 125.00",
      "image": "https://eg.jumia.is/unsafe/fit-in/300x300/filters:fill(white)/product/42/196854/1.jpg?5315",
      "link": "https://www.jumia.com.eg/generic-magnetic-replacement-charging-dock-cable-for-xiaomi-mi-band-6-smart-watch-30cm-long-45869124.html",
      "details": {
        "description": "Free delivery to 6th of October",
        "rating": "4.2 out of 5",
        "specs": []
      }
    },
    {
      "id": 71,
      "name": "Vivo V40 Lite - 6.7\" 256GB/8GB Dual SIM 4G Mobile Phone - Green",
      "price": "EGP 11,445.00",
      "image": "https://eg.jumia.is/unsafe/fit-in/300x300/filters:fill(white)/product/04/3600031/1.jpg?7488",
      "link": "https://www.jumia.com.eg/v40-lite-6.7-256gb8gb-dual-sim-4g-mobile-phone-green-vivo-mpg3818643.html",
      "details": {
        "description": "Free delivery to 6th of October",
        "rating": "5 out of 5",
        "specs": []
      }
    },
    {
      "id": 72,
      "name": "Vidvie Fast IPhone Cable (3.1 A) - Data Cable, (Charging Cable), IPhone To USB",
      "price": "EGP 120.00",
      "image": "https://eg.jumia.is/unsafe/fit-in/300x300/filters:fill(white)/product/46/052564/1.jpg?0460",
      "link": "https://www.jumia.com.eg/fast-iphone-cable-3.1-a-data-cable-charging-cable-iphone-to-usb-vidvie-mpg1154577.html",
      "details": {
        "description": "Free delivery to 6th of October",
        "rating": "4.3 out of 5",
        "specs": []
      }
    },
    {
      "id": 73,
      "name": "Samsung Galaxy A55 Mobile Phone - 6.6 Inches - Dual SIM 5G 256GB/8GB - Awesome Lemon",
      "price": "EGP 26,785.00",
      "image": "https://eg.jumia.is/unsafe/fit-in/300x300/filters:fill(white)/product/41/2471001/1.jpg?6608",
      "link": "https://www.jumia.com.eg/galaxy-a55-mobile-phone-6.6-inches-dual-sim-5g-256gb8gb-awesome-lemon-samsung-mpg1155067.html",
      "details": {
        "description": "Free delivery to 6th of October",
        "rating": "0 out of 5",
        "specs": []
      }
    },
    {
      "id": 74,
      "name": "Huawei GT5 Smart Watch – 46mm - Blue Composite Strap",
      "price": "EGP 10,399.00",
      "image": "https://eg.jumia.is/unsafe/fit-in/300x300/filters:fill(white)/product/86/9240031/1.jpg?6659",
      "link": "https://www.jumia.com.eg/huawei-gt5-smart-watch-46mm-blue-composite-strap-130042968.html",
      "details": {
        "description": "Free delivery to 6th of October",
        "rating": "0 out of 5",
        "specs": []
      }
    },
    {
      "id": 75,
      "name": "200W Fast Charger With Dual Ports (USB + Type-C) + 2 Type-C Charging Cables - White",
      "price": "EGP 382.50",
      "image": "https://eg.jumia.is/unsafe/fit-in/300x300/filters:fill(white)/product/43/1266111/1.jpg?3485",
      "link": "https://www.jumia.com.eg/generic-200w-fast-charger-with-dual-ports-usb-type-c-2-type-c-charging-cables-white-111662134.html",
      "details": {
        "description": "Free delivery to 6th of October",
        "rating": "0 out of 5",
        "specs": []
      }
    },
    {
      "id": 76,
      "name": "GOLDEN MASK For Samsung Galaxy A24 4G/A25 Camera Lens Camera Protection Supports Wireless Charging With Magnetic Ringe (Black)",
      "price": "EGP 250.00",
      "image": "https://eg.jumia.is/unsafe/fit-in/300x300/filters:fill(white)/product/43/4390321/1.jpg?8549",
      "link": "https://www.jumia.com.eg/golden-mask-for-samsung-galaxy-a24-4ga25-camera-lens-camera-protection-supports-wireless-charging-with-magnetic-ringe-black-123093434.html",
      "details": {
        "description": "Free delivery to 6th of October",
        "rating": "0 out of 5",
        "specs": []
      }
    },
    {
      "id": 77,
      "name": "Infinix Smart Watch GT3 - 1.53 Inch - Gold",
      "price": "EGP 1,889.00",
      "image": "https://eg.jumia.is/unsafe/fit-in/300x300/filters:fill(white)/product/74/6211031/1.jpg?6875",
      "link": "https://www.jumia.com.eg/infinix-smart-watch-gt3-1.53-inch-gold-130112647.html",
      "details": {
        "description": "Free delivery to 6th of October",
        "rating": "0 out of 5",
        "specs": []
      }
    },
    {
      "id": 78,
      "name": "Honor X7c - 6.7\" 256GB/8GB Dual SIM 4G Mobile Phone - Moonlight White",
      "price": "EGP 8,850.00",
      "image": "https://eg.jumia.is/unsafe/fit-in/300x300/filters:fill(white)/product/62/1899921/1.jpg?6154",
      "link": "https://www.jumia.com.eg/x7c-6.7-256gb8gb-dual-sim-4g-mobile-phone-moonlight-white-honor-mpg3818136.html",
      "details": {
        "description": "Free delivery to 6th of October",
        "rating": "5 out of 5",
        "specs": []
      }
    },
    {
      "id": 79,
      "name": "Remax RA-OTG1 USB 3.0 Type C OTG Adapters (Gold)",
      "price": "EGP 37.43",
      "image": "https://eg.jumia.is/unsafe/fit-in/300x300/filters:fill(white)/product/40/4367711/1.jpg?4726",
      "link": "https://www.jumia.com.eg/remax-ra-otg1-usb-3.0-type-c-otg-adapters-gold-117763404.html",
      "details": {
        "description": "Free delivery to 6th of October",
        "rating": "0 out of 5",
        "specs": []
      }
    },
    {
      "id": 80,
      "name": "150W Fast Charger - 6 Charging Ports (3 USB + 3 Type-C) + 2 Type-C Charging Cables - Black",
      "price": "EGP 574.73",
      "image": "https://eg.jumia.is/unsafe/fit-in/300x300/filters:fill(white)/product/62/3435111/1.jpg?9965",
      "link": "https://www.jumia.com.eg/generic-150w-fast-charger-6-charging-ports-3-usb-3-type-c-2-type-c-charging-cables-black-111534326.html",
      "details": {
        "description": "Free delivery to 6th of October",
        "rating": "5 out of 5",
        "specs": []
      }
    },
    {
      "id": 81,
      "name": "Taha Offer Mobile Slot Cleaning Brush 1 Piece",
      "price": "EGP 7.44",
      "image": "https://eg.jumia.is/unsafe/fit-in/300x300/filters:fill(white)/product/22/833574/1.jpg?7331",
      "link": "https://www.jumia.com.eg/generic-taha-offer-mobile-slot-cleaning-brush-1-piece-47533822.html",
      "details": {
        "description": "Free delivery to 6th of October",
        "rating": "3.2 out of 5",
        "specs": []
      }
    },
    {
      "id": 82,
      "name": "Hair Code Anti-Dandruff Shampoo Deep Cleanse Shampoo With Hamam Cream For Men - 340 mll <br /> + Wet Look Hair Gel Tube - 100ml",
      "price": "EGP 57.00",
      "image": "https://eg.jumia.is/unsafe/fit-in/300x300/filters:fill(white)/product/35/779368/1.jpg?6039",
      "link": "https://www.jumia.com.eg/hair-code-anti-dandruff-shampoo-deep-cleanse-shampoo-with-hamam-cream-for-men-340-mll-br-wet-look-hair-gel-tube-100ml-86397753.html",
      "details": {
        "description": "Free delivery to 6th of October",
        "rating": "4.3 out of 5",
        "specs": []
      }
    },
    {
      "id": 83,
      "name": "SHEGLAM Wing It Waterproof Liner Duo Black BEX-5176",
      "price": "EGP 249.99",
      "image": "https://eg.jumia.is/unsafe/fit-in/300x300/filters:fill(white)/product/23/126873/1.jpg?3325",
      "link": "https://www.jumia.com.eg/sheglam-wing-it-waterproof-liner-duo-black-bex-5176-37862132.html",
      "details": {
        "description": "Free delivery to 6th of October",
        "rating": "4.3 out of 5",
        "specs": []
      }
    },
    {
      "id": 84,
      "name": "Karimed SNOW SHINE Micellar Water4Pcs. Makeup Remover Rose 100ML",
      "price": "EGP 129.00",
      "image": "https://eg.jumia.is/unsafe/fit-in/300x300/filters:fill(white)/product/57/615072/1.jpg?8647",
      "link": "https://www.jumia.com.eg/karimed-snow-shine-micellar-water4pcs.-makeup-remover-rose-100ml-27051675.html",
      "details": {
        "description": "Free delivery to 6th of October",
        "rating": "4.2 out of 5",
        "specs": []
      }
    },
    {
      "id": 85,
      "name": "NIVEA Invisible Black & White Silky Smooth Antiperspirant Deodorant Roll-On - For Women - 50ml",
      "price": "EGP 67.00",
      "image": "https://eg.jumia.is/unsafe/fit-in/300x300/filters:fill(white)/product/55/545973/1.jpg?7557",
      "link": "https://www.jumia.com.eg/nivea-invisible-black-white-silky-smooth-antiperspirant-deodorant-roll-on-for-women-50ml-37954555.html",
      "details": {
        "description": "Free delivery to 6th of October",
        "rating": "4.4 out of 5",
        "specs": []
      }
    },
    {
      "id": 86,
      "name": "Sensodyne Toothpaste Multi-Care , 100 Ml.",
      "price": "EGP 149.31",
      "image": "https://eg.jumia.is/unsafe/fit-in/300x300/filters:fill(white)/product/11/0766321/1.jpg?7707",
      "link": "https://www.jumia.com.eg/sensodyne-toothpaste-multi-care-100-ml.-123667011.html",
      "details": {
        "description": "Free delivery to 6th of October",
        "rating": "0 out of 5",
        "specs": []
      }
    },
    {
      "id": 87,
      "name": "dermactive ACTI-CLEAR Correcting Serum 30 ML.",
      "price": "EGP 233.00",
      "image": "https://eg.jumia.is/unsafe/fit-in/300x300/filters:fill(white)/product/63/895194/1.jpg?1450",
      "link": "https://www.jumia.com.eg/acti-clear-correcting-serum-30-ml.-dermactive-mpg1153757.html",
      "details": {
        "description": "Free delivery to 6th of October",
        "rating": "3.5 out of 5",
        "specs": []
      }
    },
    {
      "id": 88,
      "name": "Haj Arafa Strawberry Lip Balm - 25 GM",
      "price": "EGP 47.00",
      "image": "https://eg.jumia.is/unsafe/fit-in/300x300/filters:fill(white)/product/10/5269411/1.jpg?3158",
      "link": "https://www.jumia.com.eg/haj-arafa-strawberry-lip-balm-25-gm-114962501.html",
      "details": {
        "description": "Free delivery to 6th of October",
        "rating": "4.3 out of 5",
        "specs": []
      }
    },
    {
      "id": 89,
      "name": "Luna Shower Gel Rose & Milk Luna - 500ml",
      "price": "EGP 32.50",
      "image": "https://eg.jumia.is/unsafe/fit-in/300x300/filters:fill(white)/product/75/833616/1.jpg?7408",
      "link": "https://www.jumia.com.eg/luna-shower-gel-rose-milk-luna-500ml-61633857.html",
      "details": {
        "description": "Free delivery to 6th of October",
        "rating": "4.2 out of 5",
        "specs": []
      }
    },
    {
      "id": 90,
      "name": "Garnier Color Naturals Permanent Crème Hair Color - 3 Dark Brown",
      "price": "EGP 102.50",
      "image": "https://eg.jumia.is/unsafe/fit-in/300x300/filters:fill(white)/product/95/694032/1.jpg?1167",
      "link": "https://www.jumia.com.eg/garnier-color-naturals-permanent-creme-hair-color-3-dark-brown-23049659.html",
      "details": {
        "description": "Free delivery to 6th of October",
        "rating": "4.2 out of 5",
        "specs": []
      }
    },
    {
      "id": 91,
      "name": "Vatika Naturals Strength &Shine Styling Hair Cream Black Seed 190 ML",
      "price": "EGP 85.00",
      "image": "https://eg.jumia.is/unsafe/fit-in/300x300/filters:fill(white)/product/74/962816/1.jpg?9934",
      "link": "https://www.jumia.com.eg/vatika-naturals-strength-shine-styling-hair-cream-black-seed-190-ml-61826947.html",
      "details": {
        "description": "Free delivery to 6th of October",
        "rating": "5 out of 5",
        "specs": []
      }
    },
    {
      "id": 92,
      "name": "Raw African GRAPE-SEED OIL 75ML",
      "price": "EGP 93.00",
      "image": "https://eg.jumia.is/unsafe/fit-in/300x300/filters:fill(white)/product/65/2677621/1.jpg?8423",
      "link": "https://www.jumia.com.eg/raw-african-grape-seed-oil-75ml-126776256.html",
      "details": {
        "description": "Free delivery to 6th of October",
        "rating": "4.5 out of 5",
        "specs": []
      }
    },
    {
      "id": 93,
      "name": "Rimmel Provocalips 16HR Kiss Proof Lip Colour - 780 Shore Thing",
      "price": "EGP 125.00",
      "image": "https://eg.jumia.is/unsafe/fit-in/300x300/filters:fill(white)/product/93/743543/1.jpg?0065",
      "link": "https://www.jumia.com.eg/rimmel-provocalips-16hr-kiss-proof-lip-colour-780-shore-thing-34534739.html",
      "details": {
        "description": "Free delivery to 6th of October",
        "rating": "4.2 out of 5",
        "specs": []
      }
    },
    {
      "id": 94,
      "name": "Starville Acne Prone Skin Facial Cleanser - Anti-bacterial - 400 ML",
      "price": "EGP 205.00",
      "image": "https://eg.jumia.is/unsafe/fit-in/300x300/filters:fill(white)/product/46/542364/1.jpg?5403",
      "link": "https://www.jumia.com.eg/acne-prone-skin-facial-cleanser-anti-bacterial-400-ml-starville-mpg1153949.html",
      "details": {
        "description": "Free delivery to 6th of October",
        "rating": "4.4 out of 5",
        "specs": []
      }
    },
    {
      "id": 95,
      "name": "Bobana Hair Mask With Argan Oil - 500 G",
      "price": "EGP 185.00",
      "image": "https://eg.jumia.is/unsafe/fit-in/300x300/filters:fill(white)/product/60/505515/1.jpg?2243",
      "link": "https://www.jumia.com.eg/hair-mask-with-coconut-oil-500-g-bobana-mpg1153468.html",
      "details": {
        "description": "Free delivery to 6th of October",
        "rating": "4.7 out of 5",
        "specs": []
      }
    },
    {
      "id": 96,
      "name": "Dermenum Gel Anti-Hair Loss",
      "price": "EGP 936.00",
      "image": "https://eg.jumia.is/unsafe/fit-in/300x300/filters:fill(white)/product/27/402783/1.jpg?3292",
      "link": "https://www.jumia.com.eg/dermenum-gel-anti-hair-loss-38720472.html",
      "details": {
        "description": "Free delivery to 6th of October",
        "rating": "4.3 out of 5",
        "specs": []
      }
    },
    {
      "id": 97,
      "name": "Jac Digital Microwave 25L With Grill-NGM-25D2",
      "price": "EGP 4,058.01",
      "image": "https://eg.jumia.is/unsafe/fit-in/300x300/filters:fill(white)/product/40/554808/1.jpg?9610",
      "link": "https://www.jumia.com.eg/digital-microwave-25l-with-grill-jac-mpg1153497.html",
      "details": {
        "description": "Free delivery to 6th of October",
        "rating": "4.6 out of 5",
        "specs": []
      }
    },
    {
      "id": 98,
      "name": "Moulinex DD6552EG – Optichef Hand Blender, 1000 Watt, 15 Functions, 500 ML Chopper, Whisk, Black",
      "price": "EGP 2,399.00",
      "image": "https://eg.jumia.is/unsafe/fit-in/300x300/filters:fill(white)/product/41/9405821/1.jpg?7577",
      "link": "https://www.jumia.com.eg/moulinex-dd6552eg-optichef-hand-blender-1000-watt-15-functions-500-ml-chopper-whisk-black-128504914.html",
      "details": {
        "description": "Free delivery to 6th of October",
        "rating": "5 out of 5",
        "specs": []
      }
    },
    {
      "id": 99,
      "name": "Zanussi ZWF8240SS5 – Front Load Automatic Washing Machine, 8 KG digital 1200RPM - Door Black& Silver Ring",
      "price": "EGP 16,888.00",
      "image": "https://eg.jumia.is/unsafe/fit-in/300x300/filters:fill(white)/product/14/0380821/1.jpg?5801",
      "link": "https://www.jumia.com.eg/zanussi-zwf8240ss5-front-load-automatic-washing-machine-8-kg-digital-1200rpm-door-black-silver-ring-128083041.html",
      "details": {
        "description": "Delivery fees from EGP 200.00 to 6th of October.",
        "rating": "5 out of 5",
        "specs": []
      }
    },
    {
      "id": 100,
      "name": "Sokany Blender 2.5 Liters 6000 Watts (SK-999N)",
      "price": "EGP 1,899.81",
      "image": "https://eg.jumia.is/unsafe/fit-in/300x300/filters:fill(white)/product/97/557935/1.jpg?0385",
      "link": "https://www.jumia.com.eg/sokany-blender-2.5-liters-6000-watts-sk-999n-53975579.html",
      "details": {
        "description": "Free delivery to 6th of October",
        "rating": "4.1 out of 5",
        "specs": []
      }
    },
    {
      "id": 101,
      "name": "LG Smart Inverter Washing Machine 11kg- T1164NEHGB",
      "price": "EGP 13,656.00",
      "image": "https://eg.jumia.is/unsafe/fit-in/300x300/filters:fill(white)/product/00/994436/1.jpg?9184",
      "link": "https://www.jumia.com.eg/smart-inverter-washing-machine-11kg-t1164nehgb-lg-mpg1153514.html",
      "details": {
        "description": "Delivery fees from EGP 200.00 to 6th of October.",
        "rating": "3 out of 5",
        "specs": []
      }
    },
    {
      "id": 102,
      "name": "HOHO Stainless Steel Electric Kettle - 1.5L - Silver",
      "price": "EGP 189.00",
      "image": "https://eg.jumia.is/unsafe/fit-in/300x300/filters:fill(white)/product/19/055141/1.jpg?8182",
      "link": "https://www.jumia.com.eg/hoho-stainless-steel-electric-kettle-1.5l-silver-14155091.html",
      "details": {
        "description": "Free delivery to 6th of October",
        "rating": "4.1 out of 5",
        "specs": []
      }
    },
    {
      "id": 103,
      "name": "Kenwood FDP65.400WH Food Processor, 1000 Watt",
      "price": "EGP 5,425.00",
      "image": "https://eg.jumia.is/unsafe/fit-in/300x300/filters:fill(white)/product/21/842415/1.jpg?1484",
      "link": "https://www.jumia.com.eg/fdp65.400wh-food-processor-1000-watt-kenwood-mpg1152902.html",
      "details": {
        "description": "Free delivery to 6th of October",
        "rating": "4.9 out of 5",
        "specs": []
      }
    },
    {
      "id": 104,
      "name": "Btc GWH-NE103-W Natural Gas Heater - 10L - White",
      "price": "EGP 2,999.00",
      "image": "https://eg.jumia.is/unsafe/fit-in/300x300/filters:fill(white)/product/09/769862/1.jpg?6382",
      "link": "https://www.jumia.com.eg/btc-gwh-ne103-w-natural-gas-heater-10l-white-26896790.html",
      "details": {
        "description": "Delivery fees from EGP 120.00 to 6th of October.",
        "rating": "4.2 out of 5",
        "specs": []
      }
    },
    {
      "id": 105,
      "name": "Philips HD9280 Digital Control Air Fryer XL - 1.2KG - 6.2L - Black",
      "price": "EGP 5,884.00",
      "image": "https://eg.jumia.is/unsafe/fit-in/300x300/filters:fill(white)/product/75/885345/1.jpg?2446",
      "link": "https://www.jumia.com.eg/philips-hd9280-digital-control-air-fryer-xl-1.2kg-6.2l-black-54358857.html",
      "details": {
        "description": "Free delivery to 6th of October",
        "rating": "4.3 out of 5",
        "specs": []
      }
    },
    {
      "id": 106,
      "name": "Zanussi Zwf7221BL7 Washing Machine Steam max - 7kg - Black",
      "price": "EGP 19,999.00",
      "image": "https://eg.jumia.is/unsafe/fit-in/300x300/filters:fill(white)/product/26/191152/1.jpg?9634",
      "link": "https://www.jumia.com.eg/zanussi-zwf7221bl7-washing-machine-steam-max-7kg-black-25119162.html",
      "details": {
        "description": "Delivery fees from EGP 200.00 to 6th of October.",
        "rating": "5 out of 5",
        "specs": []
      }
    },
    {
      "id": 107,
      "name": "LG MH8265DIS Microwave Oven With Grill - 42 L",
      "price": "EGP 8,924.00",
      "image": "https://eg.jumia.is/unsafe/fit-in/300x300/filters:fill(white)/product/04/951342/1.jpg?3684",
      "link": "https://www.jumia.com.eg/lg-mh8265dis-microwave-oven-with-grill-42-l-24315940.html",
      "details": {
        "description": "Delivery fees from EGP 120.00 to 6th of October.",
        "rating": "4.6 out of 5",
        "specs": []
      }
    },
    {
      "id": 108,
      "name": "Kenwood Homebake Khh01.000si - 1400W 5L Silver Mixer Stand",
      "price": "EGP 8,699.00",
      "image": "https://eg.jumia.is/unsafe/fit-in/300x300/filters:fill(white)/product/72/1177201/1.jpg?2194",
      "link": "https://www.jumia.com.eg/kenwood-homebake-khh01.000si-1400w-5l-silver-mixer-stand-102771127.html",
      "details": {
        "description": "Free delivery to 6th of October",
        "rating": "4.4 out of 5",
        "specs": []
      }
    },
    {
      "id": 109,
      "name": "Arzum Okka Turkish Coffee Machine - Black - OK001",
      "price": "EGP 13,500.00",
      "image": "https://eg.jumia.is/unsafe/fit-in/300x300/filters:fill(white)/product/87/1326121/1.jpg?8768",
      "link": "https://www.jumia.com.eg/arzum-okka-turkish-coffee-machine-black-ok001-121623178.html",
      "details": {
        "description": "Free delivery to 6th of October",
        "rating": "4 out of 5",
        "specs": []
      }
    },
    {
      "id": 110,
      "name": "Electrostar Electrostar-upright-freezer-defrost-4-drawers-170-liter-silver",
      "price": "EGP 12,749.00",
      "image": "https://eg.jumia.is/unsafe/fit-in/300x300/filters:fill(white)/product/85/378946/1.jpg?0644",
      "link": "https://www.jumia.com.eg/electrostar-electrostar-upright-freezer-defrost-4-drawers-170-liter-silver-64987358.html",
      "details": {
        "description": "Delivery fees from EGP 120.00 to 6th of October.",
        "rating": "0 out of 5",
        "specs": []
      }
    },
    {
      "id": 111,
      "name": "Unionaire Cooker 90 Cm Golden Auror Full Safety",
      "price": "EGP 12,222.00",
      "image": "https://eg.jumia.is/unsafe/fit-in/300x300/filters:fill(white)/product/89/228154/1.jpg?7379",
      "link": "https://www.jumia.com.eg/unionaire-cooker-90-cm-golden-auror-full-safety-45182298.html",
      "details": {
        "description": "Delivery fees from EGP 200.00 to 6th of October.",
        "rating": "3.9 out of 5",
        "specs": []
      }
    },
    {
      "id": 112,
      "name": "Ramadan Decorations In Different And Wonderful Forms - Gold",
      "price": "EGP 90.00",
      "image": "https://eg.jumia.is/unsafe/fit-in/300x300/filters:fill(white)/product/65/549583/1.jpg?4071",
      "link": "https://www.jumia.com.eg/generic-ramadan-decorations-in-different-and-wonderful-forms-gold-38594556.html",
      "details": {
        "description": "Free delivery to 6th of October",
        "rating": "3.5 out of 5",
        "specs": []
      }
    },
    {
      "id": 113,
      "name": "Ramadan Decoration Lighting Branch Copper Lantern Shape - Gold",
      "price": "EGP 122.00",
      "image": "https://eg.jumia.is/unsafe/fit-in/300x300/filters:fill(white)/product/03/386252/1.jpg?5087",
      "link": "https://www.jumia.com.eg/generic-ramadan-decoration-lighting-branch-copper-lantern-shape-gold-25268330.html",
      "details": {
        "description": "Free delivery to 6th of October",
        "rating": "4.5 out of 5",
        "specs": []
      }
    },
    {
      "id": 114,
      "name": "Double Clothes Stand",
      "price": "EGP 650.00",
      "image": "https://eg.jumia.is/unsafe/fit-in/300x300/filters:fill(white)/product/96/902303/1.jpg?4311",
      "link": "https://www.jumia.com.eg/double-clothes-stand-generic-mpg3835118.html",
      "details": {
        "description": "Free delivery to 6th of October",
        "rating": "4.8 out of 5",
        "specs": []
      }
    },
    {
      "id": 115,
      "name": "3pcs Flameless Led Candle Light Bright Battery",
      "price": "EGP 148.50",
      "image": "https://eg.jumia.is/unsafe/fit-in/300x300/filters:fill(white)/product/61/584216/1.jpg?6752",
      "link": "https://www.jumia.com.eg/generic-3pcs-flameless-led-candle-light-bright-battery-61248516.html",
      "details": {
        "description": "Free delivery to 6th of October",
        "rating": "4 out of 5",
        "specs": []
      }
    },
    {
      "id": 116,
      "name": "Wooden Triple Set Of Subhanallah Alhamdulillah AllahuAkbar",
      "price": "EGP 157.50 - EGP 269.10",
      "image": "https://eg.jumia.is/unsafe/fit-in/300x300/filters:fill(white)/product/16/427665/1.jpg?8706",
      "link": "https://www.jumia.com.eg/generic-wooden-triple-set-of-subhanallah-alhamdulillah-allahuakbar-56672461.html",
      "details": {
        "description": "Free delivery to 6th of October",
        "rating": "5 out of 5",
        "specs": []
      }
    },
    {
      "id": 117,
      "name": "SQAP Ramadan Crescent and Star Decoration 70cm",
      "price": "EGP 370.00",
      "image": "https://eg.jumia.is/unsafe/fit-in/300x300/filters:fill(white)/product/90/8031031/1.jpg?3326",
      "link": "https://www.jumia.com.eg/sqap-ramadan-crescent-and-star-decoration-70cm-130130809.html",
      "details": {
        "description": "Free delivery to 6th of October",
        "rating": "0 out of 5",
        "specs": []
      }
    },
    {
      "id": 118,
      "name": "9-Piece Acrylic Food & Legumes Storage Box Set",
      "price": "EGP 375.00",
      "image": "https://eg.jumia.is/unsafe/fit-in/300x300/filters:fill(white)/product/70/926769/1.jpg?0345",
      "link": "https://www.jumia.com.eg/generic-9-piece-acrylic-food-legumes-storage-box-set-96762907.html",
      "details": {
        "description": "Free delivery to 6th of October",
        "rating": "3.8 out of 5",
        "specs": []
      }
    },
    {
      "id": 119,
      "name": "Crystal medallion lantern in Ramadan shapes - small hexagon (SM-18)",
      "price": "EGP 94.00",
      "image": "https://eg.jumia.is/unsafe/fit-in/300x300/filters:fill(white)/product/98/6600031/1.jpg?6244",
      "link": "https://www.jumia.com.eg/generic-crystal-medallion-lantern-in-ramadan-shapes-small-hexagon-sm-18-130006689.html",
      "details": {
        "description": "Free delivery to 6th of October",
        "rating": "0 out of 5",
        "specs": []
      }
    },
    {
      "id": 120,
      "name": "Ramadan Decorations Light Curtain",
      "price": "EGP 325.00",
      "image": "https://eg.jumia.is/unsafe/fit-in/300x300/filters:fill(white)/product/39/900252/1.jpg?0884",
      "link": "https://www.jumia.com.eg/star-and-crescent-curtain-ramadan-decoration.-generic-mpg892330.html",
      "details": {
        "description": "Free delivery to 6th of October",
        "rating": "4.9 out of 5",
        "specs": []
      }
    },
    {
      "id": 121,
      "name": "Creative Luminous Crystal Ball Galaxy Night Light 3D Crystal Ball",
      "price": "EGP 300.00",
      "image": "https://eg.jumia.is/unsafe/fit-in/300x300/filters:fill(white)/product/24/6968711/1.jpg?1321",
      "link": "https://www.jumia.com.eg/creative-luminous-crystal-ball-galaxy-night-light-3d-crystal-ball-generic-mpg3799405.html",
      "details": {
        "description": "Free delivery to 6th of October",
        "rating": "2.5 out of 5",
        "specs": []
      }
    },
    {
      "id": 122,
      "name": "Craftima Ramadan kareem wood with decorated stars and colorful pendants",
      "price": "EGP 179.10",
      "image": "https://eg.jumia.is/unsafe/fit-in/300x300/filters:fill(white)/product/15/6451031/1.jpg?2065",
      "link": "https://www.jumia.com.eg/generic-craftima-ramadan-kareem-wood-with-decorated-stars-and-colorful-pendants-130154651.html",
      "details": {
        "description": "Free delivery to 6th of October",
        "rating": "0 out of 5",
        "specs": []
      }
    },
    {
      "id": 123,
      "name": "Sign Metal Cubic Wall & Ceiling Decorative Lights - (Black)",
      "price": "EGP 220.00",
      "image": "https://eg.jumia.is/unsafe/fit-in/300x300/filters:fill(white)/product/94/000518/1.jpg?8175",
      "link": "https://www.jumia.com.eg/generic-sign-metal-cubic-wall-ceiling-decorative-lights-black-81500049.html",
      "details": {
        "description": "Free delivery to 6th of October",
        "rating": "0 out of 5",
        "specs": []
      }
    },
    {
      "id": 124,
      "name": "Kitchen Organizer - Bathroom Organizer. 3 Layers",
      "price": "EGP 123.00",
      "image": "https://eg.jumia.is/unsafe/fit-in/300x300/filters:fill(white)/product/03/231632/1.jpg?0480",
      "link": "https://www.jumia.com.eg/generic-kitchen-organizer-bathroom-organizer.-3-layers-23613230.html",
      "details": {
        "description": "Free delivery to 6th of October",
        "rating": "4.3 out of 5",
        "specs": []
      }
    },
    {
      "id": 125,
      "name": "Ramadan Decorations 2023 And Calendar",
      "price": "EGP 99.00",
      "image": "https://eg.jumia.is/unsafe/fit-in/300x300/filters:fill(white)/product/56/967593/1.jpg?7184",
      "link": "https://www.jumia.com.eg/generic-ramadan-decorations-2023-and-calendar-39576965.html",
      "details": {
        "description": "Free delivery to 6th of October",
        "rating": "4 out of 5",
        "specs": []
      }
    },
    {
      "id": 126,
      "name": "Kitchen TextilePure Cotton - 4Pcs",
      "price": "EGP 69.99",
      "image": "https://eg.jumia.is/unsafe/fit-in/300x300/filters:fill(white)/product/20/632903/1.jpg?6208",
      "link": "https://www.jumia.com.eg/generic-kitchen-textilepure-cotton-4pcs-30923602.html",
      "details": {
        "description": "Free delivery to 6th of October",
        "rating": "3 out of 5",
        "specs": []
      }
    },
    {
      "id": 127,
      "name": "Oxi Powder Fine Fragrance - 8KG + 1KG",
      "price": "EGP 419.00",
      "image": "https://eg.jumia.is/unsafe/fit-in/300x300/filters:fill(white)/product/58/688454/1.jpg?3542",
      "link": "https://www.jumia.com.eg/oxi-powder-fine-fragrance-8kg-1kg-45488685.html",
      "details": {
        "description": "Free delivery to 6th of October",
        "rating": "4.4 out of 5",
        "specs": []
      }
    },
    {
      "id": 128,
      "name": "Renol Disinfectant - 500 ml - 2 + 1 Free",
      "price": "EGP 99.00",
      "image": "https://eg.jumia.is/unsafe/fit-in/300x300/filters:fill(white)/product/58/869642/1.jpg?7983",
      "link": "https://www.jumia.com.eg/renol-disinfectant-500-ml-2-1-free-24696885.html",
      "details": {
        "description": "Free delivery to 6th of October",
        "rating": "4.5 out of 5",
        "specs": []
      }
    },
    {
      "id": 129,
      "name": "Frida Home Cleaning Fragrance Fruit Punch 480 ml",
      "price": "EGP 37.00",
      "image": "https://eg.jumia.is/unsafe/fit-in/300x300/filters:fill(white)/product/15/446422/1.jpg?3269",
      "link": "https://www.jumia.com.eg/frida-home-cleaning-fragrance-fruit-punch-480-ml-22464451.html",
      "details": {
        "description": "Free delivery to 6th of October",
        "rating": "4.7 out of 5",
        "specs": []
      }
    },
    {
      "id": 130,
      "name": "Jumbo Shovel With Brush - Steel Handle With 180 Degree",
      "price": "EGP 289.00",
      "image": "https://eg.jumia.is/unsafe/fit-in/300x300/filters:fill(white)/product/76/1306021/1.jpg?6570",
      "link": "https://www.jumia.com.eg/generic-jumbo-shovel-with-brush-steel-handle-with-180-degree-120603167.html",
      "details": {
        "description": "Free delivery to 6th of October",
        "rating": "0 out of 5",
        "specs": []
      }
    },
    {
      "id": 131,
      "name": "Renol Furniture Polisher - 460 ml",
      "price": "EGP 50.00",
      "image": "https://eg.jumia.is/unsafe/fit-in/300x300/filters:fill(white)/product/97/0469711/1.jpg?8564",
      "link": "https://www.jumia.com.eg/renol-furniture-polisher-460-ml-117964079.html",
      "details": {
        "description": "Free delivery to 6th of October",
        "rating": "3.8 out of 5",
        "specs": []
      }
    },
    {
      "id": 132,
      "name": "White Surface Disinfectant Wet Wipes - 48 Wipes",
      "price": "EGP 74.00",
      "image": "https://eg.jumia.is/unsafe/fit-in/300x300/filters:fill(white)/product/80/238944/1.jpg?0772",
      "link": "https://www.jumia.com.eg/white-surface-disinfectant-wet-wipes-48-wipes-44983208.html",
      "details": {
        "description": "Free delivery to 6th of October",
        "rating": "4.9 out of 5",
        "specs": []
      }
    },
    {
      "id": 133,
      "name": "Ludwik Dishwasher Protectant Salt Set - 1.5 Kg + Ludwik Dishwasher Rinse Aid - 300ml (Pack Of 2)",
      "price": "EGP 625.00",
      "image": "https://eg.jumia.is/unsafe/fit-in/300x300/filters:fill(white)/product/52/907057/1.jpg?4646",
      "link": "https://www.jumia.com.eg/ludwik-dishwasher-protectant-salt-set-1.5-kg-ludwik-dishwasher-rinse-aid-300ml-pack-of-2-75070925.html",
      "details": {
        "description": "Free delivery to 6th of October",
        "rating": "5 out of 5",
        "specs": []
      }
    },
    {
      "id": 134,
      "name": "Papia Kitchen Tissue Towel - 3 Ply - 5+1 Roll",
      "price": "EGP 84.00",
      "image": "https://eg.jumia.is/unsafe/fit-in/300x300/filters:fill(white)/product/17/046522/1.jpg?7865",
      "link": "https://www.jumia.com.eg/papia-kitchen-tissue-towel-3-ply-51-roll-22564071.html",
      "details": {
        "description": "Free delivery to 6th of October",
        "rating": "4.5 out of 5",
        "specs": []
      }
    },
    {
      "id": 135,
      "name": "Brix Black Toilet Cleaner 450 Ml Bundle 2 Pieces",
      "price": "EGP 78.00",
      "image": "https://eg.jumia.is/unsafe/fit-in/300x300/filters:fill(white)/product/60/566574/1.jpg?7099",
      "link": "https://www.jumia.com.eg/brix-black-toilet-cleaner-450-ml-bundle-2-pieces-47566506.html",
      "details": {
        "description": "Free delivery to 6th of October",
        "rating": "4.3 out of 5",
        "specs": []
      }
    },
    {
      "id": 136,
      "name": "Frida Glass Economy 2*1 600 ml",
      "price": "EGP 47.75",
      "image": "https://eg.jumia.is/unsafe/fit-in/300x300/filters:fill(white)/product/83/446422/1.jpg?4576",
      "link": "https://www.jumia.com.eg/frida-glass-economy-21-600-ml-22464438.html",
      "details": {
        "description": "Free delivery to 6th of October",
        "rating": "4.4 out of 5",
        "specs": []
      }
    },
    {
      "id": 137,
      "name": "Bahi Powder Lavander - 1 Kg",
      "price": "EGP 45.00",
      "image": "https://eg.jumia.is/unsafe/fit-in/300x300/filters:fill(white)/product/08/788454/1.jpg?0280",
      "link": "https://www.jumia.com.eg/bahi-powder-lavander-1-kg-45488780.html",
      "details": {
        "description": "Free delivery to 6th of October",
        "rating": "4.2 out of 5",
        "specs": []
      }
    },
    {
      "id": 138,
      "name": "2 In 1 Squeeze Smart Mop & Bucket",
      "price": "EGP 344.44",
      "image": "https://eg.jumia.is/unsafe/fit-in/300x300/filters:fill(white)/product/34/836272/1.jpg?6180",
      "link": "https://www.jumia.com.eg/generic-2-in-1-squeeze-smart-mop-bucket-27263843.html",
      "details": {
        "description": "Free delivery to 6th of October",
        "rating": "3.9 out of 5",
        "specs": []
      }
    },
    {
      "id": 139,
      "name": "Oxi Dish Wash Yellow Lemon 1KG",
      "price": "EGP 34.00",
      "image": "https://eg.jumia.is/unsafe/fit-in/300x300/filters:fill(white)/product/98/688454/1.jpg?7503",
      "link": "https://www.jumia.com.eg/oxi-dish-wash-yellow-lemon-1kg-45488689.html",
      "details": {
        "description": "Free delivery to 6th of October",
        "rating": "4.6 out of 5",
        "specs": []
      }
    },
    {
      "id": 140,
      "name": "VEVO Automatic Washing Powder With Lavender Scent - 8Kg",
      "price": "EGP 372.00",
      "image": "https://eg.jumia.is/unsafe/fit-in/300x300/filters:fill(white)/product/75/8949821/1.jpg?3183",
      "link": "https://www.jumia.com.eg/vevo-automatic-washing-powder-with-lavender-scent-8kg-128949857.html",
      "details": {
        "description": "Free delivery to 6th of October",
        "rating": "5 out of 5",
        "specs": []
      }
    },
    {
      "id": 141,
      "name": "Familia Classic Toilet Rolls - 2 Ply - 24 Rolls",
      "price": "EGP 109.00",
      "image": "https://eg.jumia.is/unsafe/fit-in/300x300/filters:fill(white)/product/47/046522/1.jpg?7680",
      "link": "https://www.jumia.com.eg/classic-toilet-rolls-2-ply-24-rolls-familia-mpg855980.html",
      "details": {
        "description": "Free delivery to 6th of October",
        "rating": "4.1 out of 5",
        "specs": []
      }
    },
    {
      "id": 142,
      "name": "( 2pcs) A Small Multi-purpose Bag For Makeup And Accessories Color May Vay",
      "price": "EGP 99.00",
      "image": "https://eg.jumia.is/unsafe/fit-in/300x300/filters:fill(white)/product/38/304584/1.jpg?9594",
      "link": "https://www.jumia.com.eg/generic-2pcs-a-small-multi-purpose-bag-for-makeup-and-accessories-color-may-vay-48540383.html",
      "details": {
        "description": "Free delivery to 6th of October",
        "rating": "4.2 out of 5",
        "specs": []
      }
    },
    {
      "id": 143,
      "name": "LC Waikiki Hooded Long Sleeve Baby Boy Tricot Cardigan",
      "price": "EGP 699.00",
      "image": "https://eg.jumia.is/unsafe/fit-in/300x300/filters:fill(white)/product/53/5292421/1.jpg?8170",
      "link": "https://www.jumia.com.eg/lc-waikiki-hooded-long-sleeve-baby-boy-tricot-cardigan-124292535.html",
      "details": {
        "description": "Free delivery to 6th of October",
        "rating": "4.1 out of 5",
        "specs": []
      }
    },
    {
      "id": 144,
      "name": "Haj Arafa Elaraby solid perfume 100 G",
      "price": "EGP 159.00",
      "image": "https://eg.jumia.is/unsafe/fit-in/300x300/filters:fill(white)/product/80/5269411/1.jpg?8915",
      "link": "https://www.jumia.com.eg/haj-arafa-elaraby-solid-perfume-100-g-114962508.html",
      "details": {
        "description": "Free delivery to 6th of October",
        "rating": "4.1 out of 5",
        "specs": []
      }
    },
    {
      "id": 145,
      "name": "ADIDAS IE8828 Runfalcon 5 Running Shoes",
      "price": "EGP 2,399.40",
      "image": "https://eg.jumia.is/unsafe/fit-in/300x300/filters:fill(white)/product/22/5534311/1.jpg?1576",
      "link": "https://www.jumia.com.eg/adidas-ie8828-runfalcon-5-running-shoes-113435522.html",
      "details": {
        "description": "Free delivery to 6th of October",
        "rating": "4.3 out of 5",
        "specs": []
      }
    },
    {
      "id": 146,
      "name": "Heart Ceramic Coffee Mug, 350ml, Funny Design",
      "price": "EGP 234.00",
      "image": "https://eg.jumia.is/unsafe/fit-in/300x300/filters:fill(white)/product/08/9755421/1.jpg?3326",
      "link": "https://www.jumia.com.eg/generic-heart-ceramic-coffee-mug-350ml-funny-design-124557980.html",
      "details": {
        "description": "Free delivery to 6th of October",
        "rating": "3.7 out of 5",
        "specs": []
      }
    },
    {
      "id": 147,
      "name": "LC Waikiki Crew Neck Patterned Long Sleeve Oversize Women's Knitwear Sweater",
      "price": "EGP 599.00",
      "image": "https://eg.jumia.is/unsafe/fit-in/300x300/filters:fill(white)/product/15/8381521/1.jpg?2427",
      "link": "https://www.jumia.com.eg/lc-waikiki-crew-neck-patterned-long-sleeve-oversize-womens-knitwear-sweater-125183851.html",
      "details": {
        "description": "Free delivery to 6th of October",
        "rating": "4.1 out of 5",
        "specs": []
      }
    },
    {
      "id": 148,
      "name": "Artificial Artificial Plants With Vases For Bedroom Living Room Decoration 6 Piece -",
      "price": "EGP 201.00",
      "image": "https://eg.jumia.is/unsafe/fit-in/300x300/filters:fill(white)/product/64/6298021/1.jpg?3241",
      "link": "https://www.jumia.com.eg/generic-artificial-artificial-plants-with-vases-for-bedroom-living-room-decoration-6-piece-120892646.html",
      "details": {
        "description": "Free delivery to 6th of October",
        "rating": "3 out of 5",
        "specs": []
      }
    },
    {
      "id": 149,
      "name": "LC Waikiki Hooded Girl Down Vest",
      "price": "EGP 759.00",
      "image": "https://eg.jumia.is/unsafe/fit-in/300x300/filters:fill(white)/product/19/3177621/1.jpg?5276",
      "link": "https://www.jumia.com.eg/lc-waikiki-hooded-girl-down-vest-126771391.html",
      "details": {
        "description": "Free delivery to 6th of October",
        "rating": "0 out of 5",
        "specs": []
      }
    },
    {
      "id": 150,
      "name": "Luna Lipgloss No.5",
      "price": "EGP 152.50",
      "image": "https://eg.jumia.is/unsafe/fit-in/300x300/filters:fill(white)/product/21/4123911/1.jpg?8896",
      "link": "https://www.jumia.com.eg/luna-lipgloss-no.5-119321412.html",
      "details": {
        "description": "Free delivery to 6th of October",
        "rating": "0 out of 5",
        "specs": []
      }
    },
    {
      "id": 151,
      "name": "LC Waikiki Girl's Hooded Long Sleeve Sweatshirt",
      "price": "EGP 449.00",
      "image": "https://eg.jumia.is/unsafe/fit-in/300x300/filters:fill(white)/product/72/4550311/1.jpg?3107",
      "link": "https://www.jumia.com.eg/lc-waikiki-girls-hooded-long-sleeve-sweatshirt-113055427.html",
      "details": {
        "description": "Free delivery to 6th of October",
        "rating": "4.3 out of 5",
        "specs": []
      }
    },
    {
      "id": 152,
      "name": "Snooze Wearable Fleece Set 2 Pieces, Black* Gray",
      "price": "EGP 329.00",
      "image": "https://eg.jumia.is/unsafe/fit-in/300x300/filters:fill(white)/product/18/6725421/1.jpg?3347",
      "link": "https://www.jumia.com.eg/snooze-wearable-fleece-set-2-pieces-black-gray-124527681.html",
      "details": {
        "description": "Free delivery to 6th of October",
        "rating": "3.9 out of 5",
        "specs": []
      }
    },
    {
      "id": 153,
      "name": "LC Waikiki Crew Neck Long Sleeve Men's Sweatshirt",
      "price": "EGP 799.00",
      "image": "https://eg.jumia.is/unsafe/fit-in/300x300/filters:fill(white)/product/73/4600911/1.jpg?3386",
      "link": "https://www.jumia.com.eg/lc-waikiki-crew-neck-long-sleeve-mens-sweatshirt-119006437.html",
      "details": {
        "description": "Free delivery to 6th of October",
        "rating": "5 out of 5",
        "specs": []
      }
    }
  ]
}